{
    "type": "LogisticRegression",
    "C": 1,
    "max_iter": 20,
    "classes_": [
        0,
        1,
        2
    ],
    "n_features_in_": 93,
    "intercept_": [
        -0.8980083095696887,
        0.05159996756628778,
        0.8464083420033879
    ]
}